,affairs,affair_status,gender,age,yearsmarried,children,religiousness,education,occupation,rating,,"Questions - in each case write your interpretation. Affair value >0 = affair, otherwise no affair"
4,0,No,male,37,10,no,3,18,7,4,1,Open or Import the data in the system
5,0,No,female,27,4,no,4,14,6,4,2,How many rows or columns are present?
11,0,No,female,32,15,yes,1,12,1,4,3,What is the data type of each column? If there is mismatch in data type then correct it
16,0,No,male,57,15,yes,5,18,6,5,4,Remove the first column which is un-named
23,0,No,male,22,0.75,no,2,17,6,3,5,Create a new column affair_status where code 0 in affair indicate No and rest other values indicate yes.
29,0,No,female,32,1.5,no,2,17,5,5,6,is there any missing values in dataset?
44,0,No,female,22,0.75,no,2,12,1,3,7,How many males and females are present in the dataset? Create a count table and % table and visualize the %table?
45,0,No,male,57,15,yes,2,14,4,4,8,What is the most common age in the dataset?
47,0,No,female,32,15,yes,4,16,1,2,9,Is this overall common age differ by male and female? Visualize it and interpret the output
49,0,No,male,22,1.5,no,4,14,4,5,10,Do male more involved in extra marrital affair then women?
50,0,No,male,37,15,yes,2,20,7,2,11,Usually in which age women are tend to involve more in extra marital affair?
55,0,No,male,27,4,yes,4,18,6,4,12,Does low number (<5) of years married impact for extra marrital afair OR in later years?
64,0,No,male,47,15,yes,5,17,6,4,13,Does low or high numbers of married years have more impact on male or female for extra marital affairs?
80,0,No,female,22,1.5,no,2,17,5,4,14,Is there any relation between age and years married for extra marital affair?
86,0,No,female,27,4,no,4,14,5,4,15,How many children or non children values are present in the dataset? Show it by count and % and visualize the %
93,0,No,female,37,15,yes,1,17,5,5,16,Does having no children result into extra marital affair?
108,0,No,female,37,15,yes,2,18,4,3,17,What is the distribution of religiousness in our dataset?
114,0,No,female,22,0.75,no,3,16,5,4,18,Do less religious people have more extra marital affair or more religion people?
115,0,No,female,22,1.5,no,2,16,5,5,19,What is the probability of male having an affair?
116,0,No,female,27,10,yes,2,14,1,5,20,What is the probability of male with Children having an affair?
123,0,No,female,22,1.5,no,2,16,5,5,21,What is the probability of affair for male with high religiniousness vs male with low religiousness?
127,0,No,female,22,1.5,no,2,16,5,5,22,Do probability of female with children are more inclined to affair than female with no children?
129,0,No,female,27,10,yes,4,16,5,4,23,"Test the hypothesis ""Male and Female are equally attracted to external affair""."
134,0,No,female,32,10,yes,3,14,1,5,24,"Test the hypothesis ""Male having children engage more in external affair than female""."
137,0,No,male,37,4,yes,2,20,6,4,25,"If 5 males are randomly selected, then what is the probability that they do not have affair"
139,0,No,female,22,1.5,no,2,18,5,5,26,Divide the dataset in target and features dataset
147,0,No,female,27,7,no,4,16,1,5,27,Decode the categorical variables for machine learning
151,0,No,male,42,15,yes,5,20,6,4,28,Create a Train and Test Dataset
153,0,No,male,27,4,yes,3,16,5,5,29,Apply the machine learning on train dataset and create machine learning model
155,0,No,female,27,4,yes,3,17,5,4,30,Evalaute the model on Test Dataset
162,0,No,male,42,15,yes,4,20,6,3,,Provide your own input to the model and find the model prediction
163,0,No,female,22,1.5,no,3,16,5,5,,
165,0,No,male,27,0.417,no,4,17,6,4,,
168,0,No,female,42,15,yes,5,14,5,4,,
170,0,No,male,32,4,yes,1,18,6,4,,
172,0,No,female,22,1.5,no,4,16,5,3,,
184,0,No,female,42,15,yes,3,12,1,4,,
187,0,No,female,22,4,no,4,17,5,5,,
192,0,No,male,22,1.5,yes,1,14,3,5,,
194,0,No,female,22,0.75,no,3,16,1,5,,
210,0,No,male,32,10,yes,5,20,6,5,,
217,0,No,male,52,15,yes,5,18,6,3,,
220,0,No,female,22,0.417,no,5,14,1,4,,
224,0,No,female,27,4,yes,2,18,6,1,,
227,0,No,female,32,7,yes,5,17,5,3,,
228,0,No,male,22,4,no,3,16,5,5,,
239,0,No,female,27,7,yes,4,18,6,5,,
241,0,No,female,42,15,yes,2,18,5,4,,
245,0,No,male,27,1.5,yes,4,16,3,5,,
249,0,No,male,42,15,yes,2,20,6,4,,
262,0,No,female,22,0.75,no,5,14,3,5,,
265,0,No,male,32,7,yes,2,20,6,4,,
267,0,No,male,27,4,yes,5,20,6,5,,
269,0,No,male,27,10,yes,4,20,6,4,,
271,0,No,male,22,4,no,1,18,5,5,,
277,0,No,female,37,15,yes,4,14,3,1,,
290,0,No,male,22,1.5,yes,5,16,4,4,,
292,0,No,female,37,15,yes,4,17,1,5,,
293,0,No,female,27,0.75,no,4,17,5,4,,
295,0,No,male,32,10,yes,4,20,6,4,,
299,0,No,female,47,15,yes,5,14,7,2,,
320,0,No,male,37,10,yes,3,20,6,4,,
321,0,No,female,22,0.75,no,2,16,5,5,,
324,0,No,male,27,4,no,2,18,4,5,,
334,0,No,male,32,7,no,4,20,6,4,,
351,0,No,male,42,15,yes,2,17,3,5,,
355,0,No,male,37,10,yes,4,20,6,4,,
361,0,No,female,47,15,yes,3,17,6,5,,
362,0,No,female,22,1.5,no,5,16,5,5,,
366,0,No,female,27,1.5,no,2,16,6,4,,
370,0,No,female,27,4,no,3,17,5,5,,
374,0,No,female,32,10,yes,5,14,4,5,,
378,0,No,female,22,0.125,no,2,12,5,5,,
381,0,No,male,47,15,yes,4,14,4,3,,
382,0,No,male,32,15,yes,1,14,5,5,,
383,0,No,male,27,7,yes,4,16,5,5,,
384,0,No,female,22,1.5,yes,3,16,5,5,,
400,0,No,male,27,4,yes,3,17,6,5,,
403,0,No,female,22,1.5,no,3,16,5,5,,
409,0,No,male,57,15,yes,2,14,7,2,,
412,0,No,male,17.5,1.5,yes,3,18,6,5,,
413,0,No,male,57,15,yes,4,20,6,5,,
416,0,No,female,22,0.75,no,2,16,3,4,,
418,0,No,male,42,4,no,4,17,3,3,,
422,0,No,female,22,1.5,yes,4,12,1,5,,
435,0,No,female,22,0.417,no,1,17,6,4,,
439,0,No,female,32,15,yes,4,17,5,5,,
445,0,No,female,27,1.5,no,3,18,5,2,,
447,0,No,female,22,1.5,yes,3,14,1,5,,
448,0,No,female,37,15,yes,3,14,1,4,,
449,0,No,female,32,15,yes,4,14,3,4,,
478,0,No,male,37,10,yes,2,14,5,3,,
482,0,No,male,37,10,yes,4,16,5,4,,
486,0,No,male,57,15,yes,5,20,5,3,,
489,0,No,male,27,0.417,no,1,16,3,4,,
490,0,No,female,42,15,yes,5,14,1,5,,
491,0,No,male,57,15,yes,3,16,6,1,,
492,0,No,male,37,10,yes,1,16,6,4,,
503,0,No,male,37,15,yes,3,17,5,5,,
508,0,No,male,37,15,yes,4,20,6,5,,
509,0,No,female,27,10,yes,5,14,1,5,,
512,0,No,male,37,10,yes,2,18,6,4,,
515,0,No,female,22,0.125,no,4,12,4,5,,
517,0,No,male,57,15,yes,5,20,6,5,,
532,0,No,female,37,15,yes,4,18,6,4,,
533,0,No,male,22,4,yes,4,14,6,4,,
535,0,No,male,27,7,yes,4,18,5,4,,
537,0,No,male,57,15,yes,4,20,5,4,,
538,0,No,male,32,15,yes,3,14,6,3,,
543,0,No,female,22,1.5,no,2,14,5,4,,
547,0,No,female,32,7,yes,4,17,1,5,,
550,0,No,female,37,15,yes,4,17,6,5,,
558,0,No,female,32,1.5,no,5,18,5,5,,
571,0,No,male,42,10,yes,5,20,7,4,,
578,0,No,female,27,7,no,3,16,5,4,,
583,0,No,male,37,15,no,4,20,6,5,,
586,0,No,male,37,15,yes,4,14,3,2,,
594,0,No,male,32,10,no,5,18,6,4,,
597,0,No,female,22,0.75,no,4,16,1,5,,
602,0,No,female,27,7,yes,4,12,2,4,,
603,0,No,female,27,7,yes,2,16,2,5,,
604,0,No,female,42,15,yes,5,18,5,4,,
612,0,No,male,42,15,yes,4,17,5,3,,
613,0,No,female,27,7,yes,2,16,1,2,,
621,0,No,female,22,1.5,no,3,16,5,5,,
627,0,No,male,37,15,yes,5,20,6,5,,
630,0,No,female,22,0.125,no,2,14,4,5,,
631,0,No,male,27,1.5,no,4,16,5,5,,
632,0,No,male,32,1.5,no,2,18,6,5,,
639,0,No,male,27,1.5,no,2,17,6,5,,
645,0,No,female,27,10,yes,4,16,1,3,,
647,0,No,male,42,15,yes,4,18,6,5,,
648,0,No,female,27,1.5,no,2,16,6,5,,
651,0,No,male,27,4,no,2,18,6,3,,
655,0,No,female,32,10,yes,3,14,5,3,,
667,0,No,female,32,15,yes,3,18,5,4,,
670,0,No,female,22,0.75,no,2,18,6,5,,
671,0,No,female,37,15,yes,2,16,1,4,,
673,0,No,male,27,4,yes,4,20,5,5,,
701,0,No,male,27,4,no,1,20,5,4,,
705,0,No,female,27,10,yes,2,12,1,4,,
706,0,No,female,32,15,yes,5,18,6,4,,
709,0,No,male,27,7,yes,5,12,5,3,,
717,0,No,male,52,15,yes,2,18,5,4,,
719,0,No,male,27,4,no,3,20,6,3,,
723,0,No,male,37,4,yes,1,18,5,4,,
724,0,No,male,27,4,yes,4,14,5,4,,
726,0,No,female,52,15,yes,5,12,1,3,,
734,0,No,female,57,15,yes,4,16,6,4,,
735,0,No,male,27,7,yes,1,16,5,4,,
736,0,No,male,37,7,yes,4,20,6,3,,
737,0,No,male,22,0.75,no,2,14,4,3,,
739,0,No,male,32,4,yes,2,18,5,3,,
743,0,No,male,37,15,yes,4,20,6,3,,
745,0,No,male,22,0.75,yes,2,14,4,3,,
747,0,No,male,42,15,yes,4,20,6,3,,
751,0,No,female,52,15,yes,5,17,1,1,,
752,0,No,female,37,15,yes,4,14,1,2,,
754,0,No,male,27,7,yes,4,14,5,3,,
760,0,No,male,32,4,yes,2,16,5,5,,
763,0,No,female,27,4,yes,2,18,6,5,,
774,0,No,female,27,4,yes,2,18,5,5,,
776,0,No,male,37,15,yes,5,18,6,5,,
779,0,No,female,47,15,yes,5,12,5,4,,
784,0,No,female,32,10,yes,3,17,1,4,,
788,0,No,female,27,1.5,yes,4,17,1,2,,
794,0,No,female,57,15,yes,2,18,5,2,,
795,0,No,female,22,1.5,no,4,14,5,4,,
798,0,No,male,42,15,yes,3,14,3,4,,
800,0,No,male,57,15,yes,4,9,2,2,,
803,0,No,male,57,15,yes,4,20,6,5,,
807,0,No,female,22,0.125,no,4,14,4,5,,
812,0,No,female,32,10,yes,4,14,1,5,,
820,0,No,female,42,15,yes,3,18,5,4,,
823,0,No,female,27,1.5,no,2,18,6,5,,
830,0,No,male,32,0.125,yes,2,18,5,2,,
843,0,No,female,27,4,no,3,16,5,4,,
848,0,No,female,27,10,yes,2,16,1,4,,
851,0,No,female,32,7,yes,4,16,1,3,,
854,0,No,female,37,15,yes,4,14,5,4,,
856,0,No,female,42,15,yes,5,17,6,2,,
857,0,No,male,32,1.5,yes,4,14,6,5,,
859,0,No,female,32,4,yes,3,17,5,3,,
863,0,No,female,37,7,no,4,18,5,5,,
865,0,No,female,22,0.417,yes,3,14,3,5,,
867,0,No,female,27,7,yes,4,14,1,5,,
870,0,No,male,27,0.75,no,3,16,5,5,,
873,0,No,male,27,4,yes,2,20,5,5,,
875,0,No,male,32,10,yes,4,16,4,5,,
876,0,No,male,32,15,yes,1,14,5,5,,
877,0,No,male,22,0.75,no,3,17,4,5,,
880,0,No,female,27,7,yes,4,17,1,4,,
903,0,No,male,27,0.417,yes,4,20,5,4,,
904,0,No,male,37,15,yes,4,20,5,4,,
905,0,No,female,37,15,yes,2,14,1,3,,
908,0,No,male,22,4,yes,1,18,5,4,,
909,0,No,male,37,15,yes,4,17,5,3,,
910,0,No,female,22,1.5,no,2,14,4,5,,
912,0,No,male,52,15,yes,4,14,6,2,,
914,0,No,female,22,1.5,no,4,17,5,5,,
915,0,No,male,32,4,yes,5,14,3,5,,
916,0,No,male,32,4,yes,2,14,3,5,,
920,0,No,female,22,1.5,no,3,16,6,5,,
921,0,No,male,27,0.75,no,2,18,3,3,,
925,0,No,female,22,7,yes,2,14,5,2,,
926,0,No,female,27,0.75,no,2,17,5,3,,
929,0,No,female,37,15,yes,4,12,1,2,,
931,0,No,female,22,1.5,no,1,14,1,5,,
945,0,No,female,37,10,no,2,12,4,4,,
947,0,No,female,37,15,yes,4,18,5,3,,
949,0,No,female,42,15,yes,3,12,3,3,,
950,0,No,male,22,4,no,2,18,5,5,,
961,0,No,male,52,7,yes,2,20,6,2,,
965,0,No,male,27,0.75,no,2,17,5,5,,
966,0,No,female,27,4,no,2,17,4,5,,
967,0,No,male,42,1.5,no,5,20,6,5,,
987,0,No,male,22,1.5,no,4,17,6,5,,
990,0,No,male,22,4,no,4,17,5,3,,
992,0,No,female,22,4,yes,1,14,5,4,,
995,0,No,male,37,15,yes,5,20,4,5,,
1009,0,No,female,37,10,yes,3,16,6,3,,
1021,0,No,male,42,15,yes,4,17,6,5,,
1026,0,No,female,47,15,yes,4,17,5,5,,
1027,0,No,male,22,1.5,no,4,16,5,4,,
1030,0,No,female,32,10,yes,3,12,1,4,,
1031,0,No,female,22,7,yes,1,14,3,5,,
1034,0,No,female,32,10,yes,4,17,5,4,,
1037,0,No,male,27,1.5,yes,2,16,2,4,,
1038,0,No,male,37,15,yes,4,14,5,5,,
1039,0,No,male,42,4,yes,3,14,4,5,,
1045,0,No,female,37,15,yes,5,14,5,4,,
1046,0,No,female,32,7,yes,4,17,5,5,,
1054,0,No,female,42,15,yes,4,18,6,5,,
1059,0,No,male,27,4,no,4,18,6,4,,
1063,0,No,male,22,0.75,no,4,18,6,5,,
1068,0,No,male,27,4,yes,4,14,5,3,,
1070,0,No,female,22,0.75,no,5,18,1,5,,
1072,0,No,female,52,15,yes,5,9,5,5,,
1073,0,No,male,32,10,yes,3,14,5,5,,
1077,0,No,female,37,15,yes,4,16,4,4,,
1081,0,No,male,32,7,yes,2,20,5,4,,
1083,0,No,female,42,15,yes,3,18,1,4,,
1084,0,No,male,32,15,yes,1,16,5,5,,
1086,0,No,male,27,4,yes,3,18,5,5,,
1087,0,No,female,32,15,yes,4,12,3,4,,
1089,0,No,male,22,0.75,yes,3,14,2,4,,
1096,0,No,female,22,1.5,no,3,16,5,3,,
1102,0,No,female,42,15,yes,4,14,3,5,,
1103,0,No,female,52,15,yes,3,16,5,4,,
1107,0,No,male,37,15,yes,5,20,6,4,,
1109,0,No,female,47,15,yes,4,12,2,3,,
1115,0,No,male,57,15,yes,2,20,6,4,,
1119,0,No,male,32,7,yes,4,17,5,5,,
1124,0,No,female,27,7,yes,4,17,1,4,,
1126,0,No,male,22,1.5,no,1,18,6,5,,
1128,0,No,female,22,4,yes,3,9,1,4,,
1129,0,No,female,22,1.5,no,2,14,1,5,,
1130,0,No,male,42,15,yes,2,20,6,4,,
1133,0,No,male,57,15,yes,4,9,2,4,,
1140,0,No,female,27,7,yes,2,18,1,5,,
1143,0,No,female,22,4,yes,3,14,1,5,,
1146,0,No,male,37,15,yes,4,14,5,3,,
1153,0,No,male,32,7,yes,1,18,6,4,,
1156,0,No,female,22,1.5,no,2,14,5,5,,
1157,0,No,female,22,1.5,yes,3,12,1,3,,
1158,0,No,male,52,15,yes,2,14,5,5,,
1160,0,No,female,37,15,yes,2,14,1,1,,
1161,0,No,female,32,10,yes,2,14,5,5,,
1166,0,No,male,42,15,yes,4,20,4,5,,
1177,0,No,female,27,4,yes,3,18,4,5,,
1178,0,No,male,37,15,yes,4,20,6,5,,
1180,0,No,male,27,1.5,no,3,18,5,5,,
1187,0,No,female,22,0.125,no,2,16,6,3,,
1191,0,No,male,32,10,yes,2,20,6,3,,
1195,0,No,female,27,4,no,4,18,5,4,,
1207,0,No,female,27,7,yes,2,12,5,1,,
1208,0,No,male,32,4,yes,5,18,6,3,,
1209,0,No,female,37,15,yes,2,17,5,5,,
1211,0,No,male,47,15,no,4,20,6,4,,
1215,0,No,male,27,1.5,no,1,18,5,5,,
1221,0,No,male,37,15,yes,4,20,6,4,,
1226,0,No,female,32,15,yes,4,18,1,4,,
1229,0,No,female,32,7,yes,4,17,5,4,,
1231,0,No,female,42,15,yes,3,14,1,3,,
1234,0,No,female,27,7,yes,3,16,1,4,,
1235,0,No,male,27,1.5,no,3,16,4,2,,
1242,0,No,male,22,1.5,no,3,16,3,5,,
1245,0,No,male,27,4,yes,3,16,4,2,,
1260,0,No,female,27,7,yes,3,12,1,2,,
1266,0,No,female,37,15,yes,2,18,5,4,,
1271,0,No,female,37,7,yes,3,14,4,4,,
1273,0,No,male,22,1.5,no,2,16,5,5,,
1276,0,No,male,37,15,yes,5,20,5,4,,
1280,0,No,female,22,1.5,no,4,16,5,3,,
1282,0,No,female,32,10,yes,4,16,1,5,,
1285,0,No,male,27,4,no,2,17,5,3,,
1295,0,No,female,22,0.417,no,4,14,5,5,,
1298,0,No,female,27,4,no,2,18,5,5,,
1299,0,No,male,37,15,yes,4,18,5,3,,
1304,0,No,male,37,10,yes,5,20,7,4,,
1305,0,No,female,27,7,yes,2,14,4,2,,
1311,0,No,male,32,4,yes,2,16,5,5,,
1314,0,No,male,32,4,yes,2,16,6,4,,
1319,0,No,male,22,1.5,no,3,18,4,5,,
1322,0,No,female,22,4,yes,4,14,3,4,,
1324,0,No,female,17.5,0.75,no,2,18,5,4,,
1327,0,No,male,32,10,yes,4,20,4,5,,
1328,0,No,female,32,0.75,no,5,14,3,3,,
1330,0,No,male,37,15,yes,4,17,5,3,,
1332,0,No,male,32,4,no,3,14,4,5,,
1333,0,No,female,27,1.5,no,2,17,3,2,,
1336,0,No,female,22,7,yes,4,14,1,5,,
1341,0,No,male,47,15,yes,5,14,6,5,,
1344,0,No,male,27,4,yes,1,16,4,4,,
1352,0,No,female,37,15,yes,5,14,1,3,,
1358,0,No,male,42,4,yes,4,18,5,5,,
1359,0,No,female,32,4,yes,2,14,1,5,,
1361,0,No,male,52,15,yes,2,14,7,4,,
1364,0,No,female,22,1.5,no,2,16,1,4,,
1368,0,No,male,52,15,yes,4,12,2,4,,
1384,0,No,female,22,0.417,no,3,17,1,5,,
1390,0,No,female,22,1.5,no,2,16,5,5,,
1393,0,No,male,27,4,yes,4,20,6,4,,
1394,0,No,female,32,15,yes,4,14,1,5,,
1402,0,No,female,27,1.5,no,2,16,3,5,,
1407,0,No,male,32,4,no,1,20,6,5,,
1408,0,No,male,37,15,yes,3,20,6,4,,
1412,0,No,female,32,10,no,2,16,6,5,,
1413,0,No,female,32,10,yes,5,14,5,5,,
1416,0,No,male,37,1.5,yes,4,18,5,3,,
1417,0,No,male,32,1.5,no,2,18,4,4,,
1418,0,No,female,32,10,yes,4,14,1,4,,
1419,0,No,female,47,15,yes,4,18,5,4,,
1420,0,No,female,27,10,yes,5,12,1,5,,
1423,0,No,male,27,4,yes,3,16,4,5,,
1424,0,No,female,37,15,yes,4,12,4,2,,
1432,0,No,female,27,0.75,no,4,16,5,5,,
1433,0,No,female,37,15,yes,4,16,1,5,,
1437,0,No,female,32,15,yes,3,16,1,5,,
1438,0,No,female,27,10,yes,2,16,1,5,,
1439,0,No,male,27,7,no,2,20,6,5,,
1446,0,No,female,37,15,yes,2,14,1,3,,
1450,0,No,male,27,1.5,yes,2,17,4,4,,
1451,0,No,female,22,0.75,yes,2,14,1,5,,
1452,0,No,male,22,4,yes,4,14,2,4,,
1453,0,No,male,42,0.125,no,4,17,6,4,,
1456,0,No,male,27,1.5,yes,4,18,6,5,,
1464,0,No,male,27,7,yes,3,16,6,3,,
1469,0,No,female,52,15,yes,4,14,1,3,,
1473,0,No,male,27,1.5,no,5,20,5,2,,
1481,0,No,female,27,1.5,no,2,16,5,5,,
1482,0,No,female,27,1.5,no,3,17,5,5,,
1496,0,No,male,22,0.125,no,5,16,4,4,,
1497,0,No,female,27,4,yes,4,16,1,5,,
1504,0,No,female,27,4,yes,4,12,1,5,,
1513,0,No,female,47,15,yes,2,14,5,5,,
1515,0,No,female,32,15,yes,3,14,5,3,,
1534,0,No,male,42,7,yes,2,16,5,5,,
1535,0,No,male,22,0.75,no,4,16,6,4,,
1536,0,No,male,27,0.125,no,3,20,6,5,,
1540,0,No,male,32,10,yes,3,20,6,5,,
1551,0,No,female,22,0.417,no,5,14,4,5,,
1555,0,No,female,47,15,yes,5,14,1,4,,
1557,0,No,female,32,10,yes,3,14,1,5,,
1566,0,No,male,57,15,yes,4,17,5,5,,
1567,0,No,male,27,4,yes,3,20,6,5,,
1576,0,No,female,32,7,yes,4,17,1,5,,
1584,0,No,female,37,10,yes,4,16,1,5,,
1585,0,No,female,32,10,yes,1,18,1,4,,
1590,0,No,female,22,4,no,3,14,1,4,,
1594,0,No,female,27,7,yes,4,14,3,2,,
1595,0,No,male,57,15,yes,5,18,5,2,,
1603,0,No,male,32,7,yes,2,18,5,5,,
1608,0,No,female,27,1.5,no,4,17,1,3,,
1609,0,No,male,22,1.5,no,4,14,5,5,,
1615,0,No,female,22,1.5,yes,4,14,5,4,,
1616,0,No,female,32,7,yes,3,16,1,5,,
1617,0,No,female,47,15,yes,3,16,5,4,,
1620,0,No,female,22,0.75,no,3,16,1,5,,
1621,0,No,female,22,1.5,yes,2,14,5,5,,
1637,0,No,female,27,4,yes,1,16,5,5,,
1638,0,No,male,52,15,yes,4,16,5,5,,
1650,0,No,male,32,10,yes,4,20,6,5,,
1654,0,No,male,47,15,yes,4,16,6,4,,
1665,0,No,female,27,7,yes,2,14,1,2,,
1670,0,No,female,22,1.5,no,4,14,4,5,,
1671,0,No,female,32,10,yes,2,16,5,4,,
1675,0,No,female,22,0.75,no,2,16,5,4,,
1688,0,No,female,22,1.5,no,2,16,5,5,,
1691,0,No,female,42,15,yes,3,18,6,4,,
1695,0,No,female,27,7,yes,5,14,4,5,,
1698,0,No,male,42,15,yes,4,16,4,4,,
1704,0,No,female,57,15,yes,3,18,5,2,,
1705,0,No,male,42,15,yes,3,18,6,2,,
1711,0,No,female,32,7,yes,2,14,1,2,,
1719,0,No,male,22,4,no,5,12,4,5,,
1723,0,No,female,22,1.5,no,1,16,6,5,,
1726,0,No,female,22,0.75,no,1,14,4,5,,
1749,0,No,female,32,15,yes,4,12,1,5,,
1752,0,No,male,22,1.5,no,2,18,5,3,,
1754,0,No,male,27,4,yes,5,17,2,5,,
1758,0,No,female,27,4,yes,4,12,1,5,,
1761,0,No,male,42,15,yes,5,18,5,4,,
1773,0,No,male,32,1.5,no,2,20,7,3,,
1775,0,No,male,57,15,no,4,9,3,1,,
1786,0,No,male,37,7,no,4,18,5,5,,
1793,0,No,male,52,15,yes,2,17,5,4,,
1799,0,No,male,47,15,yes,4,17,6,5,,
1803,0,No,female,27,7,no,2,17,5,4,,
1806,0,No,female,27,7,yes,4,14,5,5,,
1807,0,No,female,22,4,no,2,14,3,3,,
1808,0,No,male,37,7,yes,2,20,6,5,,
1814,0,No,male,27,7,no,4,12,4,3,,
1815,0,No,male,42,10,yes,4,18,6,4,,
1818,0,No,female,22,1.5,no,3,14,1,5,,
1827,0,No,female,22,4,yes,2,14,1,3,,
1834,0,No,female,57,15,no,4,20,6,5,,
1835,0,No,male,37,15,yes,4,14,4,3,,
1843,0,No,female,27,7,yes,3,18,5,5,,
1846,0,No,female,17.5,10,no,4,14,4,5,,
1850,0,No,male,22,4,yes,4,16,5,5,,
1851,0,No,female,27,4,yes,2,16,1,4,,
1854,0,No,female,37,15,yes,2,14,5,1,,
1859,0,No,female,22,1.5,no,5,14,1,4,,
1861,0,No,male,27,7,yes,2,20,5,4,,
1866,0,No,male,27,4,yes,4,14,5,5,,
1873,0,No,male,22,0.125,no,1,16,3,5,,
1875,0,No,female,27,7,yes,4,14,1,4,,
1885,0,No,female,32,15,yes,5,16,5,3,,
1892,0,No,male,32,10,yes,4,18,5,4,,
1895,0,No,female,32,15,yes,2,14,3,4,,
1896,0,No,female,22,1.5,no,3,17,5,5,,
1897,0,No,male,27,4,yes,4,17,4,4,,
1899,0,No,female,52,15,yes,5,14,1,5,,
1904,0,No,female,27,7,yes,2,12,1,2,,
1905,0,No,female,27,7,yes,3,12,1,4,,
1908,0,No,female,42,15,yes,2,14,1,4,,
1916,0,No,female,42,15,yes,4,14,5,4,,
1918,0,No,male,27,7,yes,4,14,3,3,,
1920,0,No,male,27,7,yes,2,20,6,2,,
1930,0,No,female,42,15,yes,3,12,3,3,,
1940,0,No,male,27,4,yes,3,16,3,5,,
1947,0,No,female,27,7,yes,3,14,1,4,,
1949,0,No,female,22,1.5,no,2,14,4,5,,
1951,0,No,female,27,4,yes,4,14,1,4,,
1952,0,No,female,22,4,no,4,14,5,5,,
1960,0,No,female,22,1.5,no,2,16,4,5,,
9001,0,No,male,47,15,no,4,14,5,4,,
9012,0,No,male,37,10,yes,2,18,6,2,,
9023,0,No,male,37,15,yes,3,17,5,4,,
9029,0,No,female,27,4,yes,2,16,1,4,,
6,3,Yes,male,27,1.5,no,3,18,4,4,,
12,3,Yes,female,27,4,yes,3,17,1,5,,
43,7,Yes,male,37,15,yes,5,18,6,2,,
53,12,Yes,female,32,10,yes,3,17,5,2,,
67,1,Yes,male,22,0.125,no,4,16,5,5,,
79,1,Yes,female,22,1.5,yes,2,14,1,5,,
122,12,Yes,male,37,15,yes,4,14,5,2,,
126,7,Yes,female,22,1.5,no,2,14,3,4,,
133,2,Yes,male,37,15,yes,2,18,6,4,,
138,3,Yes,female,32,15,yes,4,12,3,2,,
154,1,Yes,female,37,15,yes,4,14,4,2,,
159,7,Yes,female,42,15,yes,3,17,1,4,,
174,12,Yes,female,42,15,yes,5,9,4,1,,
176,12,Yes,male,37,10,yes,2,20,6,2,,
181,12,Yes,female,32,15,yes,3,14,1,2,,
182,3,Yes,male,27,4,no,1,18,6,5,,
186,7,Yes,male,37,10,yes,2,18,7,3,,
189,7,Yes,female,27,4,no,3,17,5,5,,
204,1,Yes,male,42,15,yes,4,16,5,5,,
215,1,Yes,female,47,15,yes,5,14,4,5,,
232,7,Yes,female,27,4,yes,3,18,5,4,,
233,1,Yes,female,27,7,yes,5,14,1,4,,
252,12,Yes,male,27,1.5,yes,3,17,5,4,,
253,12,Yes,female,27,7,yes,4,14,6,2,,
274,3,Yes,female,42,15,yes,4,16,5,4,,
275,7,Yes,female,27,10,yes,4,12,7,3,,
287,1,Yes,male,27,1.5,no,2,18,5,2,,
288,1,Yes,male,32,4,no,4,20,6,4,,
325,1,Yes,female,27,7,yes,3,14,1,3,,
328,3,Yes,female,32,10,yes,4,14,1,4,,
344,3,Yes,male,27,4,yes,2,18,7,2,,
353,1,Yes,female,17.5,0.75,no,5,14,4,5,,
354,1,Yes,female,32,10,yes,4,18,1,5,,
367,7,Yes,female,32,7,yes,2,17,6,4,,
369,7,Yes,male,37,15,yes,2,20,6,4,,
390,7,Yes,female,37,10,no,1,20,5,3,,
392,12,Yes,female,32,10,yes,2,16,5,5,,
423,7,Yes,male,52,15,yes,2,20,6,4,,
432,7,Yes,female,42,15,yes,1,12,1,3,,
436,1,Yes,male,52,15,yes,2,20,6,3,,
483,2,Yes,male,37,15,yes,3,18,6,5,,
513,12,Yes,female,22,4,no,3,12,3,4,,
516,12,Yes,male,27,7,yes,1,18,6,2,,
518,1,Yes,male,27,4,yes,3,18,5,5,,
520,12,Yes,male,47,15,yes,4,17,6,5,,
526,12,Yes,female,42,15,yes,4,12,1,1,,
528,7,Yes,male,27,4,no,3,14,3,4,,
553,7,Yes,female,32,7,yes,4,18,4,5,,
576,1,Yes,male,32,0.417,yes,3,12,3,4,,
611,3,Yes,male,47,15,yes,5,16,5,4,,
625,12,Yes,male,37,15,yes,2,20,5,4,,
635,7,Yes,male,22,4,yes,2,17,6,4,,
646,1,Yes,male,27,4,no,2,14,4,5,,
657,7,Yes,female,52,15,yes,5,16,1,3,,
659,1,Yes,male,27,4,no,3,14,3,3,,
666,1,Yes,female,27,10,yes,4,16,1,4,,
679,1,Yes,male,32,7,yes,3,14,7,4,,
729,7,Yes,male,32,7,yes,2,18,4,1,,
755,3,Yes,male,22,1.5,no,1,14,3,2,,
758,7,Yes,male,22,4,yes,3,18,6,4,,
770,7,Yes,male,42,15,yes,4,20,6,4,,
786,2,Yes,female,57,15,yes,1,18,5,4,,
797,7,Yes,female,32,4,yes,3,18,5,2,,
811,1,Yes,male,27,4,yes,1,16,4,4,,
834,7,Yes,male,32,7,yes,4,16,1,4,,
858,2,Yes,male,57,15,yes,1,17,4,4,,
885,7,Yes,female,42,15,yes,4,14,5,2,,
893,7,Yes,male,37,10,yes,1,18,5,3,,
927,3,Yes,male,42,15,yes,3,17,6,1,,
928,1,Yes,female,52,15,yes,3,14,4,4,,
933,2,Yes,female,27,7,yes,3,17,5,3,,
951,12,Yes,male,32,7,yes,2,12,4,2,,
968,1,Yes,male,22,4,no,4,14,2,5,,
972,3,Yes,male,27,7,yes,3,18,6,4,,
975,12,Yes,female,37,15,yes,1,18,5,5,,
977,7,Yes,female,32,15,yes,3,17,1,3,,
981,7,Yes,female,27,7,no,2,17,5,5,,
986,1,Yes,female,32,7,yes,3,17,5,3,,
1002,1,Yes,male,32,1.5,yes,2,14,2,4,,
1007,12,Yes,female,42,15,yes,4,14,1,2,,
1011,7,Yes,male,32,10,yes,3,14,5,4,,
1035,7,Yes,male,37,4,yes,1,20,6,3,,
1050,1,Yes,female,27,4,yes,2,16,5,3,,
1056,12,Yes,female,42,15,yes,3,14,4,3,,
1057,1,Yes,male,27,10,yes,5,20,6,5,,
1075,12,Yes,male,37,10,yes,2,20,6,2,,
1080,12,Yes,female,27,7,yes,1,14,3,3,,
1125,3,Yes,female,27,7,yes,4,12,1,2,,
1131,3,Yes,male,32,10,yes,2,14,4,4,,
1138,12,Yes,female,17.5,0.75,yes,2,12,1,3,,
1150,12,Yes,female,32,15,yes,3,18,5,4,,
1163,2,Yes,female,22,7,no,4,14,4,3,,
1169,1,Yes,male,32,7,yes,4,20,6,5,,
1198,7,Yes,male,27,4,yes,2,18,6,2,,
1204,1,Yes,female,22,1.5,yes,5,14,5,3,,
1218,12,Yes,female,32,15,no,3,17,5,1,,
1230,12,Yes,female,42,15,yes,2,12,1,2,,
1236,7,Yes,male,42,15,yes,3,20,5,4,,
1247,12,Yes,male,32,10,no,2,18,4,2,,
1259,12,Yes,female,32,15,yes,3,9,1,1,,
1294,7,Yes,male,57,15,yes,5,20,4,5,,
1353,12,Yes,male,47,15,yes,4,20,6,4,,
1370,2,Yes,female,42,15,yes,2,17,6,3,,
1427,12,Yes,male,37,15,yes,3,17,6,3,,
1445,12,Yes,male,37,15,yes,5,17,5,2,,
1460,7,Yes,male,27,10,yes,2,20,6,4,,
1480,2,Yes,male,37,15,yes,2,16,5,4,,
1505,12,Yes,female,32,15,yes,1,14,5,2,,
1543,7,Yes,male,32,10,yes,3,17,6,3,,
1548,2,Yes,male,37,15,yes,4,18,5,1,,
1550,7,Yes,female,27,1.5,no,2,17,5,5,,
1561,3,Yes,female,47,15,yes,2,17,5,2,,
1564,12,Yes,male,37,15,yes,2,17,5,4,,
1573,12,Yes,female,27,4,no,2,14,5,5,,
1575,2,Yes,female,27,10,yes,4,14,1,5,,
1599,1,Yes,female,22,4,yes,3,16,1,3,,
1622,12,Yes,male,52,7,no,4,16,5,5,,
1629,2,Yes,female,27,4,yes,1,16,3,5,,
1664,7,Yes,female,37,15,yes,2,17,6,4,,
1669,2,Yes,female,27,4,no,1,17,3,1,,
1674,12,Yes,female,17.5,0.75,yes,2,12,3,5,,
1682,7,Yes,female,32,15,yes,5,18,5,4,,
1685,7,Yes,female,22,4,no,1,16,3,5,,
1697,2,Yes,male,32,4,yes,4,18,6,4,,
1716,1,Yes,female,22,1.5,yes,3,18,5,2,,
1730,3,Yes,female,42,15,yes,2,17,5,4,,
1731,1,Yes,male,32,7,yes,4,16,4,4,,
1732,12,Yes,male,37,15,no,3,14,6,2,,
1743,1,Yes,male,42,15,yes,3,16,6,3,,
1751,1,Yes,male,27,4,yes,1,18,5,4,,
1757,2,Yes,male,37,15,yes,4,20,7,3,,
1763,7,Yes,male,37,15,yes,3,20,6,4,,
1766,3,Yes,male,22,1.5,no,2,12,3,3,,
1772,3,Yes,male,32,4,yes,3,20,6,2,,
1776,2,Yes,male,32,15,yes,5,20,6,5,,
1782,12,Yes,female,52,15,yes,1,18,5,5,,
1784,12,Yes,male,47,15,no,1,18,6,5,,
1791,3,Yes,female,32,15,yes,4,16,4,4,,
1831,7,Yes,female,32,15,yes,3,14,3,2,,
1840,7,Yes,female,27,7,yes,4,16,1,2,,
1844,12,Yes,male,42,15,yes,3,18,6,2,,
1856,7,Yes,female,42,15,yes,2,14,3,2,,
1876,12,Yes,male,27,7,yes,2,17,5,4,,
1929,3,Yes,male,32,10,yes,4,14,4,3,,
1935,7,Yes,male,47,15,yes,3,16,4,2,,
1938,1,Yes,male,22,1.5,yes,1,12,2,5,,
1941,7,Yes,female,32,10,yes,2,18,5,4,,
1954,2,Yes,male,32,10,yes,2,17,6,5,,
1959,2,Yes,male,22,7,yes,3,18,6,2,,
9010,1,Yes,female,32,15,yes,3,14,1,5,,
